Network,Station,Median.Corr..Angle,Mean.Corr..Angle,Stddev.Corr..Angle,N.events
BW,BE1,-1,-2.667,7.734,15
BW,KW1,-0.5,-0.643,7.584,14
BW,MANZ,-10.5,-11.429,5.827,14
BW,RJOB,-16,-15.818,8.222,11
BW,RNON,1,0.25,9.203,4
BW,ROTZ,0.5,1.062,5.344,16
BW,SCE,11.5,12.812,6.72,16
CH,ACB,-8.5,-28.786,47.017,14
CH,AIGLE,17,16.8,11.238,15
CH,BALST,0,-0.077,7.457,13
CH,BERGE,0,-1.824,9.55,17
CH,BERNI,-3,-4.267,9.398,15
CH,BNALP,3,1.714,5.993,14
CH,BOURR,2.5,1.071,6.319,14
CH,BRANT,2.5,3.917,6.946,12
CH,DAGMA,4,3.786,11.014,14
CH,DAVOX,0,0.667,10.384,15
CH,DIX,0,-0.5,9.31,14
CH,EMBD,5,5.692,11.538,13
CH,EMING,8,5,10.243,11
CH,EMMET,-1,-1.467,8.366,15
CH,FIESA,-3,-4.429,8.862,14
CH,FUORN,-2,-2,7.557,9
CH,FUSIO,2,0,7.241,14
CH,GIMEL,-2,-3,8.811,11
CH,GRIMS,1.5,1.143,7.269,14
CH,HASLI,-2,-0.923,6.044,13
CH,LAUCH,2,1.923,11.014,13
CH,LIENZ,-1,-0.636,8.824,11
CH,LKBD2,-1,-1.75,10.018,12
CH,LLS,1,-2.267,6.904,15
CH,METMA,-2,-2.933,9.176,15
CH,MMK,2.5,1.643,9.044,14
CH,MTI02,14.5,13.929,6.497,14
CH,MUGIO,-1,-1.231,4.693,13
CH,MUO,12,10.769,6.863,13
CH,NALPS,1.5,2.7,4.124,10
CH,OTER1,138,138,0,1
CH,PANIX,-1,-3.533,6.438,15
CH,PLONS,0,-2,8.238,15
CH,ROMAN,7,7.8,11.931,10
CH,ROTHE,-5,-4.583,9.596,12
CH,SAIRA,-8,-7.364,6.371,11
CH,SENIN,1,2.154,9.239,13
CH,SIMPL,14.5,13.571,10.055,14
CH,SLE,3,2.5,10.805,16
CH,SULZ,-0.5,-2.786,9.405,14
CH,TORNY,0,-1.273,7.423,11
CH,VANNI,2,-0.077,9.458,13
CH,VDL,-1,-0.615,8.27,13
CH,WALHA,-1,-4.533,12.899,15
CH,WILA,1,-0.933,11.186,15
CH,WIMIS,-1,1.077,9.746,13
CH,WOLEN,12,11.462,8.326,13
CR,ZAG,-3,0,6.719,7
CZ,CHVC,-2,-3.75,9.705,4
CZ,CKRC,3,3.846,9.272,13
CZ,DPC,0,-0.125,7.149,16
CZ,GOPC,143,117.818,93.371,11
CZ,HSKC,1,-0.2,6.096,10
CZ,JAVC,3.5,2.357,11.159,14
CZ,KHC,-2,-0.882,10.426,17
CZ,KRLC,0,-1,5.237,14
CZ,KRUC,1,1.467,7.191,15
CZ,MORC,0,-0.056,6.859,18
CZ,NKC,5,5.571,6.987,14
CZ,OKC,8,9.5,13.255,18
CZ,OSTC,-24,-22.692,7.021,13
CZ,PRA,9.5,6.3,11.199,10
CZ,PRU,-3,-1.588,8.991,17
CZ,PVCC,-8,-9.846,9.898,13
CZ,TREC,2,0.133,11.188,15
CZ,UPC,1.5,2.062,8.664,16
CZ,VRAC,2.5,2.688,8.394,16
FR,AGO,1,1.667,6.074,6
FR,AJAC,-0.5,1.5,8.78,12
FR,ARBF,-5,-4.154,6.724,13
FR,ARTF,7,6.857,5.167,7
FR,ASEAF,8.5,17.583,34.953,12
FR,ATE,9.5,9.5,6.819,16
FR,BANN,-9,-10.111,5.021,9
FR,BLAF,-10,-9.9,7.981,10
FR,BOUC,3,3.9,7.436,10
FR,BSTF,2,-0.444,9.593,9
FR,CALF,-5.5,-1.786,13.246,14
FR,CAMF,0,2.154,10.007,13
FR,CARF,-6,-6.625,7.296,8
FR,CFF,-1,-1.154,5.127,13
FR,CHIF,3,1.429,8.707,14
FR,CHMF,2,3.571,7.336,14
FR,CIEL,6,6,7.091,7
FR,CLAF,-1,-1.375,4.498,8
FR,COLF,5,5.2,4.445,5
FR,CORF,0,-1.75,5.761,4
FR,DOU,1,2.929,5.444,14
FR,EILF,-3,-2.4,6.741,5
FR,ENAUX,1,-0.9,4.415,10
FR,ESCA,1.5,-0.1,9.575,10
FR,FILF,0.5,0.571,8.13,14
FR,FLAF,1,-1,8.602,11
FR,FNEB,2.5,2.071,5.483,14
FR,GRN,30,27.867,8.846,15
FR,ILLK,4,2.455,6.258,11
FR,ISO,-10,-10.6,7.383,15
FR,LBL,2,1.833,4.525,6
FR,LEMB,11,10.167,3.131,6
FR,LRVF,-59,-55.929,14.582,14
FR,MLS,1.5,2.333,6.046,12
FR,MLYF,2,4.111,5.666,9
FR,MOF,-1,-1.727,6.283,11
FR,MON,18.5,17.75,10.401,8
FR,MONQ,-3.5,-4.214,7.839,14
FR,MORSI,5,7.714,12.544,7
FR,MVIF,-4,-5.583,8.77,12
FR,OG02,7,7.615,8.983,13
FR,OG35,4.5,3.062,8.112,16
FR,OGAG,-3,-1.615,9.377,13
FR,OGCB,6,3.889,6.244,9
FR,OGDI,-5,-3.8,7.661,15
FR,OGGM,9,7,7.193,15
FR,OGMO,-20,-20.308,7.917,13
FR,OGMY,1,-0.091,9.239,11
FR,OGRV,2.5,1.6,6.815,10
FR,OGS1,-4,0.091,7.354,11
FR,OGS2,4.5,2.8,6.416,10
FR,OGS3,-7,-8.2,8.635,10
FR,OGSA,5,4.917,8.779,12
FR,OGSI,2,2.222,12.656,9
FR,OGSM,-1,-2.625,8.565,16
FR,OGVG,4,5.571,7.697,14
FR,PAND,4,3.333,4.346,12
FR,PLDF,4,2.125,6.79,8
FR,PLYF,3,1.6,5.535,5
FR,PYLO,-2,-0.706,6.604,17
FR,RENF,-6,-4,96.136,11
FR,RIVEL,6.5,8,5,8
FR,RONF,-2,-2.333,6.633,9
FR,RSL,2,2.308,10.887,13
FR,RUSF,-3,-5.231,10.584,13
FR,SALF,-5,-4.778,5.138,9
FR,SAOF,-4,-6.692,9.076,13
FR,SAUF,-5,-1.182,7.321,11
FR,SJAF,7,7.333,4.84,15
FR,SMPL,1,-0.692,8.552,13
FR,SPIF,0,-1.286,3.918,7
FR,STR,-3.5,-16.5,34.779,6
FR,SURF,-1,-1.462,7.987,13
FR,SZBH,4,3,4.408,7
FR,TERF,9,5.1,9.148,10
FR,TRBF,1,1,2,2
FR,TRIGF,-3,-4.273,8.624,11
FR,TURF,-2.5,-3.417,7.858,12
FR,URDF,-4.5,-3.75,9.858,12
FR,VIEF,-3,8.438,42.378,16
FR,WALT,-5,-5,0,1
FR,WLS,6,2.688,11.767,16
G,CLF,-5,-3.706,4.884,17
G,ECH,4,1.941,7.408,17
G,SSB,1.5,-0.583,9.013,12
GE,MATE,-4,-3.923,12.779,13
GE,STU,3,2.75,9.093,16
GE,WLF,1,3.533,8.555,15
GR,AHRW,-10,-8.188,10.051,16
GR,BFO,1,0.125,9.466,16
GR,BRG,4,4.588,6.194,17
GR,FUR,2,0.941,7.878,17
GR,GEC2,3,2.933,9.76,15
GR,GRA1,2,1.067,4.582,15
GR,GRA2,2,2.077,6.855,13
GR,GRA3,0.5,0.188,5.353,16
GR,GRA4,2,1.733,5.983,15
GR,GRB1,1.5,1.167,6.833,18
GR,GRB2,-1.5,-1,6.912,18
GR,GRB3,2,2.056,7.075,18
GR,GRB4,-1,-1.333,5.588,12
GR,GRB5,0.5,2.111,6.74,18
GR,GRC1,0.5,0.611,6.832,18
GR,GRC2,3,0.188,6.616,16
GR,GRC3,2,1.111,6.781,18
GR,GRC4,1,1.824,7.073,17
GR,MILB,0,-2.933,9.434,15
GR,MOX,-1,-0.706,6.587,17
GR,TMO22,-7,-6.833,5.565,12
GR,TNS,-1,-2.529,7.055,17
GR,UBBA,1,1.333,5.3,15
GR,UBR,5,2.467,9.458,15
GR,WET,0,0,8.993,16
GU,BHB,-9.5,-10.625,5.453,8
GU,BURY,-4,-8.2,12.172,5
GU,CANO,-28,-21,38.013,4
GU,CARD,-8,-10.125,8.418,8
GU,CIRO,0.5,-0.625,8.514,8
GU,ENR,-9.5,-10.333,4.679,6
GU,EQUI,17,18.429,8.069,7
GU,GBOS,-4,-3.5,3.253,6
GU,GORR,-8,-3.889,17.317,9
GU,GRAM,-3,-1.6,7.338,5
GU,GSCL,1,-3.1,11.545,10
GU,LSD,3,3,0,1
GU,MAIM,-22,-20.143,7.279,7
GU,MGRO,-6,-6,1,2
GU,PCP,-31.5,-31.3,4.818,10
GU,POPM,-0.5,-7.5,14.841,4
GU,PZZ,-14.5,-13.286,7.648,14
GU,RNCA,-20,-23,7.874,5
GU,RORO,-166,-165.333,7.063,6
GU,ROTM,-1.5,-2.333,3.448,6
GU,RRL,-7,-7.375,8.688,8
GU,RSP,-11,-11.6,5.953,5
GU,SARM,-22,-22,0,1
GU,SATI,2,-1,5.345,7
GU,STV,-2.5,-0.875,4.196,8
GU,TRAV,9,7.833,6.568,6
HU,AMBH,-13.5,-14.2,5.134,10
HU,BEHE,-9,-8,2.16,3
HU,BSZH,-7,-5.2,15.645,10
HU,BUD,-6,-4.556,6.517,9
HU,CSKK,-10,-11.1,3.7,10
HU,EGYH,-20,-20,7.071,11
HU,KOVH,-6.5,-5.714,6.352,14
HU,LTVH,1.5,0.875,5.862,8
HU,MORH,-6,-4.562,5.42,16
HU,MPLH,13.5,14.143,6.791,14
HU,PSZ,2.5,1.312,12.2,16
HU,SOP,6,4.812,6.064,16
HU,TIH,1,4.333,27.604,9
HU,TRPA,-5.5,-6.9,11.811,10
IV,APEC,-4,-6.6,5.463,5
IV,ASQU,4.5,4.5,6.5,2
IV,BDI,-10,-9.857,8.132,7
IV,BOB,-16,-9.833,15.093,6
IV,BRIS,-5.5,-4.833,8.112,6
IV,BRMO,-13,-25.4,25.539,10
IV,CAVE,2,4.875,9.571,8
IV,CELB,23,19.556,7.574,9
IV,CRE,-12.5,-12.875,6.193,8
IV,CRMI,-13,-14.727,9.372,11
IV,CSNT,13.5,11.5,6.602,6
IV,CTI,-4.5,-11.5,14.375,10
IV,FIR,106,103.4,10.012,5
IV,FNVD,2,1.25,11.009,4
IV,FSSB,-18,-17.429,8.516,7
IV,FVI,5,7.556,14.803,9
IV,GROG,-1.5,-4.125,10.588,8
IV,IMI,-8,1.4,15.266,5
IV,LMD,-3,-3.818,8.088,11
IV,MABI,15,10.8,6.431,5
IV,MAGA,-6.5,-6.167,6.866,6
IV,MAGO,-3.5,-3.25,0.829,4
IV,MDI,3.5,6.125,10.717,8
IV,MILN,-34,-22.571,29.232,7
IV,MONC,3,3.125,6.431,8
IV,MRGE,1,3.667,17.317,6
IV,MSSA,-20.5,-17,8.155,8
IV,MTRZ,4,0.9,9.46,10
IV,NARO,-3,-1.667,4.19,3
IV,NDIM,13.5,14.333,9.894,6
IV,OPPE,6,6.667,4.922,3
IV,ORZI,-7.5,-8.6,9.932,10
IV,OSSC,-10,-11,7.5,8
IV,PARC,-8,-7.778,5.731,9
IV,PESA,2,0,8.071,7
IV,PII,6.5,8.333,8.26,6
IV,PLMA,-4,-3.625,7.262,8
IV,PRMA,-7.5,-7.7,10.631,10
IV,PTCC,-7.5,-9.214,5.226,14
IV,QLNO,0,-2.889,8.116,9
IV,ROVR,4,4.9,9.235,10
IV,RSM2,0,-3.333,5.437,3
IV,SALO,7.5,2.75,8.743,8
IV,SARZ,-166,-166.6,5.389,5
IV,SEI,-2,0.286,9.924,7
IV,STAL,0,-1.818,6.351,11
IV,TEOL,-5.5,-4.7,12.345,10
IV,VARE,-2.5,-3,4.561,10
IV,ZCCA,160.5,161.6,10.317,10
IV,ZONE,-4,-5,2.16,3
MN,BLY,1,2.933,10.234,15
MN,BNI,0.5,-0.929,10.918,14
MN,TRI,2,1.818,7.802,11
MN,TUE,4,4.462,7.88,13
MN,VLC,-4.5,-4.583,8.578,12
NI,PURA,85,84.25,5.403,4
NI,VINO,-160,-92.333,85.835,12
OE,ABTA,-1,-0.353,7.73,17
OE,ARSA,-11.5,-11.375,6.499,16
OE,CONA,-1,0.429,6.115,14
OE,CSNA,-1,0.615,6.307,13
OE,DAVA,0,-0.312,7.824,16
OE,FETA,2,0.333,8.3,15
OE,KBA,-1,0.75,9.189,16
OE,MOA,-3.5,-1.125,9.347,16
OE,MOTA,-1,-0.8,7.476,15
OE,MYKA,-1,-0.125,7.68,16
OE,OBKA,-1.5,0.571,7.49,14
OE,RETA,3.5,0.857,8.717,14
OE,SOKA,-3.5,-2.188,9.187,16
OE,SQTA,2,0.429,8.449,14
OE,VIE,9,10.333,4.989,3
OE,WATA,-1,-0.4,7.228,15
OE,WTTA,0,0.571,6.522,14
OX,ACOM,-2,-1.364,8.637,11
OX,AGOR,0.5,0.5,2.5,2
OX,BAD,-8.5,-5.5,10.782,8
OX,BALD,138,140,9.899,3
OX,BOO,2,1.667,1.247,3
OX,CAE,-6,-5.111,5.466,9
OX,CGRP,-12.5,-16.25,7.573,12
OX,CIMO,1,-0.385,6.788,13
OX,CLUD,-6,-6.071,7.842,14
OX,DRE,-4,-4.455,4.659,11
OX,FUSE,0,-2,6.972,13
OX,MARN,-2,-0.444,5.946,9
OX,MLN,-3,-3.222,5.827,9
OX,MPRI,-5,-4.818,6.102,11
OX,PLRO,-4,-5.889,5.934,9
OX,PRED,-16,-14.667,8.3,9
OX,SABO,2.5,2.667,6.848,12
OX,VARN,-4,-5.818,8.178,11
OX,ZOU2,-5.5,-5.143,7.472,14
PL,KSP,-4,-3.8,6.41,15
PL,OJC,0,-0.308,7.858,13
RD,LOR,0,-0.6,6.009,15
RD,MFF,11,7.625,8.543,16
RD,MTLF,-2,-2.643,7.843,14
RD,ORIF,3,1.692,8.109,13
RD,PGF,5.5,6.571,6.565,14
RD,ROSF,2,0.5,7.632,16
RF,GEPF,-13.5,-13.5,13.5,2
SI,ABSI,-2,-4,5.621,5
SI,BOSI,-2,-2.636,3.938,11
SI,KOSI,0,0.286,5.006,7
SI,LUSI,1,-0.533,7.419,15
SI,MOSI,1.5,-1.25,7.949,16
SI,RISI,-6,-3.636,5.58,11
SI,ROSI,-3,-1.529,6.783,17
SK,MODS,1.5,-0.4,7.526,10
SK,VYHS,3,4.556,12.816,9
SK,ZST,-41,-7.6,131.173,5
SL,BOJS,-5,-3.267,8.07,15
SL,CADS,-2,-1.154,6.666,13
SL,CEY,1,0.2,5.671,15
SL,CRES,-3,-3.733,4.626,15
SL,CRNS,-4,0.636,8.906,11
SL,DOBS,-0.5,-1.5,6.874,10
SL,GBAS,-0.5,-1.5,5.889,14
SL,GBRS,-0.5,-0.4,8.686,10
SL,GCIS,-1.5,-1.214,3.004,14
SL,GORS,-5,-4.182,4.386,11
SL,GROS,-1.5,-0.7,10.08,10
SL,JAVS,-2,-3.267,7.206,15
SL,KNDS,4.5,3.429,8.934,14
SL,KOGS,-5,-4.125,5.048,16
SL,LJU,0,0.133,4.646,15
SL,MOZS,-5,-2.533,8.853,15
SL,PERS,-5,-4.357,8.474,14
SL,ROBS,-4,-1.364,7.189,11
SL,SKDS,-2,-0.769,3.964,13
SL,VISS,-3,-2.125,5.349,16
SL,VOJS,-5,-5.667,7.272,12
SL,ZALS,-16,-15.333,0.943,3
ST,DOSS,1,0.8,8.908,15
ST,GAGG,-0.5,-2.286,8.198,14
SX,TANN,-1,-1.412,5.872,17
TH,ABG1,-3.5,-2.333,9.195,12
TH,ANNA,-14,-14.455,5.663,11
TH,CRUX,-18,-19.083,5.377,12
TH,GRZ1,3.5,4.812,6.502,16
TH,HKWD,2,1.882,5.84,17
TH,HWTS,-1,1.385,8.445,13
TH,LEIB1,-5,-4.111,5.425,9
TH,MLFH,-4,-4.75,3.269,4
TH,MODW,-2,-2.154,4.912,13
TH,PLN,5,3.333,6.415,15
TH,TAUT,-4.5,-60.167,81.954,6
TH,THWA,-5,-5.5,3.571,4
TH,VITZ,-3,-2.667,3.037,6
TH,WESF,-2,-1.909,5.316,11
TH,ZEU,-33,-35.6,7.931,15
BW,MGS04,6,6.333,7.86,9
CR,PLIT,3,14,19.442,7
CR,VIRC,-11,-6.429,16.543,7
Z3,A001A,-8,-14.667,14.236,9
Z3,A002B,5,1.111,11.18,9
Z3,A003A,1,-2.444,14.863,9
Z3,A004A,4,5.25,4.323,4
Z3,A005B,3.5,9.2,12.718,10
Z3,A006A,5.5,-2.833,18.361,6
Z3,A007A,7.5,7.5,2.693,4
Z3,A008A,5,4.111,2.685,9
Z3,A009A,6,5.429,6.987,7
Z3,A010A,1.5,1,4.546,6
Z3,A011B,-1,2.889,12.013,9
Z3,A012A,14.5,14.5,10.5,2
Z3,A013A,9,0.667,16.977,3
Z3,A014A,4.5,3.125,4.226,8
Z3,A015A,1,2.889,9.871,9
Z3,A016A,-8.5,-9.167,13.107,6
Z3,A017A,3,4.333,3.399,3
Z3,A018A,10,10,0,1
Z3,A019A,1,3.889,18.976,9
Z3,A021A,-1,-1.8,11.712,10
Z3,A022A,7,3.889,20.475,9
Z3,A023A,0,-0.556,13.133,9
Z3,A024B,2,4.889,9.457,9
Z3,A025A,3,4.111,11.1,9
Z3,A026A,3,1.889,9.351,9
Z3,A027A,3,1.625,8.543,8
Z3,A028A,-1,-1,7,2
Z3,A029A,3,3.333,12.78,9
Z3,A030A,-45,-43.333,10.044,6
Z3,A031A,5,4.778,14.65,9
Z3,A032A,-17,-15,21.119,5
Z3,A033A,-7,-6.75,3.961,4
Z3,A034A,1,4,8.869,9
Z3,A035A,-5,-3.778,5.884,9
Z3,A036A,3,0.5,8.86,8
Z3,A037A,-6,-5.889,9.457,9
Z3,A050A,4.5,4.625,10.16,8
Z3,A051A,-3,-4.143,3.603,7
Z3,A060B,-2,0.6,6.184,5
Z3,A061A,6,7.222,7.02,9
Z3,A062A,-11,-9.857,8.425,7
Z3,A071A,2,3.8,7.547,5
Z3,A072A,8.5,8.5,10.5,2
Z3,A073A,16,16,0,1
Z3,A074A,18,18,0,1
Z3,A075A,14,14,0,1
Z3,A076A,16,16,0,1
Z3,A077A,-20,-20,34,2
Z3,A079A,-2,-2,16,2
Z3,A080A,5,5,0,1
Z3,A081A,9.5,9.25,3.345,4
Z3,A082A,13,13,0,1
Z3,A083A,-2,-7.8,14.414,5
Z3,A084A,-7,-7,16,2
Z3,A085A,-14,-15.2,15.98,5
Z3,A086A,5,5,0,1
Z3,A087A,-2,-2,0,1
Z3,A089A,9,8,4.583,4
Z3,A090A,5,5,0,1
Z3,A100A,19.5,21.5,8.823,10
Z3,A101B,7.5,7.875,8.95,8
Z3,A102A,10,7.556,9.441,9
Z3,A103A,-11,-8.667,11.146,3
Z3,A104A,8.5,7.3,11.662,10
Z3,A104B,-6,-6,13,2
Z3,A105A,10,8.333,6.289,6
Z3,A106B,-15,-12.778,15.619,9
Z3,A107C,-8,-6.333,9.238,9
Z3,A108A,-9,-5,8.406,9
Z3,A109A,-4,-5.7,8.626,10
Z3,A110A,4,3,9.121,5
Z3,A111A,-2,0.667,4.955,6
Z3,A112A,-3,-5.667,12.789,6
Z3,A113A,-4,-2.75,7.395,4
Z3,A114A,-7,-6.6,5.886,5
Z3,A115A,-6.5,-5.25,8.166,4
Z3,A116A,-1,-3,4.32,3
Z3,A117A,-9,-7.333,5.617,6
Z3,A118B,-9,-7.714,7.741,7
Z3,A119A,-40,-50.6,42.084,5
Z3,A121A,-13,-12.25,15.928,4
Z3,A122A,19,2.333,24.998,3
Z3,A123A,3,3,8,2
Z3,A124A,10,14,9.143,5
Z3,A151A,-18,-18,0,1
Z3,A152A,0,0,0,1
Z3,A153A,176,176,0,1
Z3,A154A,-2,-2,0,1
Z3,A155A,-3,-3,0,1
Z3,A156A,3,3,0,1
Z3,A158A,-11,-11,0,1
Z3,A159A,-5,-5,0,1
Z3,A160A,-29,-29,0,1
Z3,A161A,-7,-7,0,1
Z3,A162A,-17,-17,0,1
Z3,A163A,7,7,0,1
Z3,A164A,7,7,0,1
Z3,A165A,8,8,0,1
Z3,A166A,-9,-9,0,1
Z3,A167A,0,0,0,1
Z3,A171A,-3,-3,0,1
Z3,A173A,2,2,0,1
Z3,A174A,20,20,0,1
Z3,A175A,4,4,0,1
Z3,A176A,25,25,0,1
Z3,A177A,-9,-9,0,1
Z3,A179A,-28,-28,0,1
Z3,A180A,-6,-6,0,1
Z3,A182A,4,4,8,2
Z3,A184A,-2.5,-2.5,3.5,2
Z3,A186B,-2,-2,6,2
Z3,A188A,2,2,0,1
Z3,A191A,2,2,10,2
Z3,A193A,2.5,2.5,10.5,2
Z3,A195A,-13.5,-13.5,7.5,2
Z3,A198A,-3,-3,0,1
Z3,A200A,-2,-2,4,2
Z3,A202A,-2,-2,0,1
Z3,A205A,-7,-7,2,2
Z3,A208A,-10,-10,6,2
Z3,A210A,-2,-2,0,1
Z3,A211A,-23,-23,0,1
Z3,A212A,-4,-4,0,1
Z3,A216A,-7,-7,0,1
Z3,A250A,-10,-10.286,9.953,7
Z3,A251A,168,168,0,1
Z3,A252A,-7,-10.375,7.777,8
Z3,A253A,-1,3.222,14.49,9
Z3,A254A,-5,2.857,11.74,7
Z3,A255A,6,6,0,1
Z3,A260A,-13.5,-15.75,11.519,4
Z3,A261A,-8.5,-7.5,6.144,8
Z3,A262A,7.5,7,2.55,4
Z3,A263A,169.5,165.333,13.852,6
Z3,A264A,-15,-13.375,6.499,8
Z3,A265A,-2,3.625,11.8,8
Z3,A266A,0,-1.6,8.015,5
Z3,A267A,-9,-6.667,8.165,9
Z3,A268A,-2,-4.286,9.572,7
Z3,A269A,-9,-14.556,17.933,9
Z3,A270A,5,-0.5,13.509,8
Z3,A271A,-14,-14,0,1
Z3,A272A,3,3,0,1
Z3,A273A,4,0.286,8.94,7
Z3,A280A,-7,-5.111,10.514,9
Z3,A281A,-10,-11.3,25.644,10
Z3,A282A,0,-4.2,8.704,5
Z3,A283B,-1,-0.889,7.37,9
Z3,A284A,-17,-15.8,9.998,10
Z3,A285A,-2,-6.111,14.955,9
Z3,A286A,2,1.25,10.756,8
Z3,A287A,-6,-7.222,13.273,9
Z3,A288A,11,11,0,2
Z3,A289A,2,-2,14.784,7
Z3,A290A,-8,-9.111,9.219,9
Z3,A291A,-16,-10.333,8.615,9
Z3,A300A,163,69.571,153.232,7
Z3,A301A,-22.5,-23.625,12.267,8
Z3,A302A,21,17,8.155,4
Z3,A303A,-8,-10.333,9.534,3
Z3,A304A,-0.5,2.25,9.23,8
Z3,A305A,-5,-3.571,12.568,7
Z3,A306A,-2.5,-5.625,7.313,8
Z3,A307A,8,10.75,10.219,8
Z3,A308A,-5,-6,11.324,9
Z3,A309A,15,9.571,8.313,7
Z3,A312A,-16.5,-14.667,9.123,6
Z3,A313A,9,8.143,17.659,7
Z3,A317A,12,8.714,9.483,7
Z3,A318A,-6,-5.286,7.959,7
Z3,A319A,-2,0.571,5.368,7
Z3,A331A,1.5,-6.8,17.696,10
Z3,A332A,0.5,-3.5,16.421,10
Z3,A333A,10,12,15.395,8
Z3,A334A,1.5,1.5,11.662,8
Z3,A335A,0.5,-0.5,9.192,8
Z3,A336A,-2,-5.111,14.541,9
Z3,A337A,-13,-6.778,13.214,9
Z3,A338A,1,-0.444,6.002,9
Z3,A339A,-35,-30.333,29.579,3
Z3,A350A,-4,-4,0,1
Z3,A351B,-12,-15.8,14.648,5
Z3,A352A,7,7,13,2
Z3,A353A,3,3.6,6.184,5
Z3,A354A,6.5,6.5,6.602,6
Z3,A355A,10,10,9,2
Z3,A356A,31,27.5,9.179,4
Z3,A357B,10,10,0,1
ZS,D001,-17,-17,4.528,4
ZS,D002,-9,-11.25,14.158,8
ZS,D003,-24,-34.667,36.709,3
ZS,D004,-1,3,13.865,8
ZS,D005,-22,-17,7.071,3
ZS,D006,-7,-5.286,13.729,7
ZS,D007,16,3.25,26.29,4
ZS,D009,-2,-2.75,6.418,4
ZS,D010,2,0,7.403,5
ZS,D011,-1,3,17.72,5
ZS,D012,-6,-9.4,5.004,5
ZS,D013,-1,0.625,12.835,8
ZS,D014,-5,-6.6,14.719,5
ZS,D015,7,7,1,2
ZS,D017,-3,-3.692,14.515,13
ZS,D018,-5.5,-3.1,8.13,10
ZS,D019,-4,1,12.629,12
ZS,D020,1,-1.25,7.395,4
ZS,D021,-9,-11,9.092,3
ZS,D022,6,5.167,4.81,6
ZS,D023,10,9.25,10.56,12
ZS,D024,2,-0.846,8.132,13
ZS,D025,8,8.429,10.861,7
ZS,D026,-3,-2.111,5.839,9
ZS,D027,0,0,2,2
ZS,D028,-0.5,-0.5,2.5,2
ZS,D029,10,9.25,7.758,8
ZS,D031,-3,1.167,15.942,6
ZS,D032,1.5,0.75,5.995,8
ZS,D033,4,2,4.32,3
ZS,D034,1,13.333,18.874,3
ZS,D035,-2.5,-1.583,7.239,12
ZS,D037,-4,-2.667,7.63,9
ZS,D038,-5,-1.273,9.186,11
ZS,D039,-11,-11.889,8.787,9
ZS,D040,4.5,4.5,3.5,2
ZS,D041,-11,-12,7.171,7
ZS,D042,4,2.5,9.845,6
ZS,D044,5,9.6,9.952,5
ZS,D046,11,7.8,7.73,5
ZS,D047,1,1.6,7.365,10
ZS,D048,-0.5,1.125,6.173,8
ZS,D049,0.5,0.5,5.5,2
ZS,D050,2.5,-1.75,11.155,8
ZS,D051,3,3.167,11.524,6
ZS,D052,-8,-4.25,11.713,8
ZS,D053,-10,-5.889,13.437,9
ZS,D054,7,5.125,17.316,8
ZS,D055,-1,-1,7.663,11
ZS,D056,-15,-13.455,13.013,11
ZS,D058,1,2.692,9.832,13
ZS,D059,-1.5,2.25,9.13,12
ZS,D060,-2,-3.455,9.079,11
ZS,D061,2.5,1.8,6.539,10
ZS,D062,-11,-9.5,5.196,8
ZS,D063,-7.5,-8,7.45,4
ZS,D064,-1,-2.6,5.571,5
ZS,D065,-1,-1,8.213,11
ZS,D066,7,-0.429,30.677,7
ZS,D067,3,2.727,8.822,11
ZS,D068,-1,-1.538,8.111,13
ZS,D069,-5,-5.333,6.128,3
ZS,D070,-2,-2,8.399,11
ZS,D071,0,0.769,10.707,13
ZS,D072,-2.5,-2.75,3.527,8
ZS,D073,8,6.5,10.308,4
ZS,D074,13,12.769,6.577,13
ZS,D075,-3.5,-3.5,3.5,2
ZS,D077,-10,-11,7.969,4
ZS,D078,-19,-16,8.406,6
ZS,D079,-2,-2.067,9.066,15
ZS,D081,-4,-9.4,8.261,5
ZS,D082,-17.5,-27.5,18.31,8
ZS,D083,15,14,6.185,8
ZS,D084,-4,-7,10.317,9
ZS,D085,3,-1,7.816,11
ZS,D086,-4,-4.154,9.844,13
ZS,D087,-5.5,-7.643,12.063,14
ZS,D088,7.5,5.167,7.862,6
ZS,D090,3,1.643,5.191,14
ZS,D091,-1,-4,8.832,3
ZS,D092,-5,-5.75,7.013,8
ZS,D093,-4,-3.273,7.569,11
ZS,D094,-9,-9.444,5.54,9
ZS,D095,-9.5,-9.7,10.286,10
ZS,D096,-4,-4.3,6.034,10
ZS,D097,-13,-13,0,1
ZS,D098,-3.5,-3.75,8.913,8
ZS,D099,-7,-6.889,11.14,9
ZS,D100,2,-5.571,19.279,7
ZS,D101,4.5,2.333,9.551,6
ZS,D102,-10,-15.444,16.906,9
ZS,D103,0,-1.2,10.943,5
ZS,D104,-8,-9.2,7.414,10
ZS,D105,-13,-12.2,5.706,5
ZS,D106,-8,-9,6.57,12
ZS,D107,-4,-3.6,9.372,10
ZS,D108,-18,-18,4,2
ZS,D109,0,0.533,7.805,15
ZS,D110,-2,-1.667,5.869,9
ZS,D111,-1,-3.091,14.884,11
ZS,D112,5,4.25,24.211,4
ZS,D113,-9,-7.846,13.677,13
ZS,D114,-3,8.333,21.929,3
ZS,D115,-23,-28,9.274,3
ZS,D116,24,21,6.347,7
ZS,D117,0,-1.727,6.675,11
ZS,D118,-13,-10.167,8.764,6
ZS,D119,-7.5,-2,18.097,4
ZS,D120,0,-0.2,9.826,10
ZS,D122,-12,-12,16,2
ZS,D123,2,1,7.616,7
ZS,D124,-18,-15.333,6.799,3
ZS,D126,-1,0.2,6.493,5
ZS,D127,-3,-4.818,6.9,11
ZS,D128,1,-1.067,14.982,15
ZS,D129,-6.5,-6.5,0.5,2
ZS,D130,-21,-17,14.166,3
ZS,D131,-1,0.917,16.53,12
ZS,D132,-17.5,-16.75,10.425,4
ZS,D133,1.5,1.5,7.5,2
ZS,D134,-2,-2,15,2
ZS,D136,-6,-6,9.944,9
ZS,D137,1,-0.154,12.996,13
ZS,D138,-3,-1.3,16.316,10
ZS,D139,-0.5,-0.667,11.368,12
ZS,D140,4,4,0,1
ZS,D141,-22,-11,30.583,6
ZS,D145,1,1,5.099,4
ZS,D146,1,-0.833,16.222,12
ZS,D147,-26.5,-26.5,35.5,2
ZS,D148,-2,-2,13,2
ZS,D149,-8.5,-8.5,6.801,4
ZS,D150,-27,-27,0,1
ZS,D151,-5.5,-5.5,12.5,2
ZS,D152,0.5,0.917,8.47,12
ZS,D153,-13,-13,2,2
